Time,PM1.0,PM2.5,PM10
1707521234.5483718,1,3,7
1707521236.550998,1,3,7
1707521238.5535169,1,3,7
1707521240.5568614,1,3,9
1707521242.5601296,1,3,9
1707521244.563458,1,3,9
1707521246.5666485,1,5,13
1707521248.5699537,1,5,13
1707521250.573292,1,5,13
1707521252.576619,2,6,18
